{
  "properties": {
    "connectionReferences": {
      "shared_commondataserviceforapps": {
        "runtimeSource": "embedded",
        "connection": {
          "connectionReferenceLogicalName": "new_sharedcommondataserviceforapps_29694"
        },
        "api": {
          "name": "shared_commondataserviceforapps"
        }
      },
      "shared_approvals": {
        "runtimeSource": "embedded",
        "connection": {
          "connectionReferenceLogicalName": "new_sharedapprovals_bfd4a"
        },
        "api": {
          "name": "shared_approvals"
        }
      },
      "shared_office365": {
        "runtimeSource": "embedded",
        "connection": {
          "connectionReferenceLogicalName": "new_sharedoffice365_150da"
        },
        "api": {
          "name": "shared_office365"
        }
      }
    },
    "definition": {
      "$schema": "https://schema.management.azure.com/providers/Microsoft.Logic/schemas/2016-06-01/workflowdefinition.json#",
      "contentVersion": "1.0.0.0",
      "parameters": {
        "$connections": {
          "defaultValue": {},
          "type": "Object"
        },
        "$authentication": {
          "defaultValue": {},
          "type": "SecureObject"
        }
      },
      "triggers": {
        "When_a_row_is_added,_modified_or_deleted": {
          "metadata": {
            "operationMetadataId": "d4ec47c1-ec42-458c-80e0-121dab33fe88"
          },
          "type": "OpenApiConnectionWebhook",
          "inputs": {
            "host": {
              "connectionName": "shared_commondataserviceforapps",
              "operationId": "SubscribeWebhookTrigger",
              "apiId": "/providers/Microsoft.PowerApps/apis/shared_commondataserviceforapps"
            },
            "parameters": {
              "subscriptionRequest/message": 1,
              "subscriptionRequest/entityname": "mpl_incidence",
              "subscriptionRequest/scope": 2
            },
            "authentication": "@parameters('$authentication')"
          }
        }
      },
      "actions": {
        "Get_Incidences_Row": {
          "runAfter": {
            "Initalize_Category": [
              "Succeeded"
            ]
          },
          "metadata": {
            "operationMetadataId": "3be78a13-47f6-4095-8b7a-81dbfc5562cc"
          },
          "type": "OpenApiConnection",
          "inputs": {
            "host": {
              "connectionName": "shared_commondataserviceforapps",
              "operationId": "GetItem",
              "apiId": "/providers/Microsoft.PowerApps/apis/shared_commondataserviceforapps"
            },
            "parameters": {
              "entityName": "mpl_incidences",
              "recordId": "@triggerOutputs()?['body/mpl_incidenceid']"
            },
            "authentication": "@parameters('$authentication')"
          }
        },
        "Start_and_wait_for_an_approval": {
          "runAfter": {
            "Get_a_Personal_Information": [
              "Succeeded"
            ]
          },
          "metadata": {
            "operationMetadataId": "f1a30f8b-b126-4deb-8c70-889b3d727f27"
          },
          "type": "OpenApiConnectionWebhook",
          "inputs": {
            "host": {
              "connectionName": "shared_approvals",
              "operationId": "StartAndWaitForAnApproval",
              "apiId": "/providers/Microsoft.PowerApps/apis/shared_approvals"
            },
            "parameters": {
              "approvalType": "Basic",
              "WebhookApprovalCreationInput/title": "Incidence  Approvals Request",
              "WebhookApprovalCreationInput/assignedTo": "@{outputs('Get_a_Personal_Information')?['body/mpl_email']};",
              "WebhookApprovalCreationInput/details": "Dear sir, we contact you because we assigned you the incidence below : \n\nIncidence Name : @{outputs('Get_Incidences_Row')?['body/mpl_incidence_name']}\nIncidence Date : @{outputs('Get_Incidences_Row')?['body/mpl_incidence_date']}\nEstimated Fixing Date :@{outputs('Get_Incidences_Row')?['body/mpl_incidence_fixing_date']}\nSection : @{outputs('Get_Incidences_Row')?['body/_mpl_section_value@Microsoft.Dynamics.CRM.lookuplogicalname']}\nPriority : @{outputs('Get_Incidences_Row')?['body/mpl_priority']}\n\nPlease approve the components orders if you see it suitable \n\nBest Regards\nThe Engineer's Team",
              "WebhookApprovalCreationInput/enableNotifications": true,
              "WebhookApprovalCreationInput/enableReassignment": true
            },
            "authentication": "@parameters('$authentication')"
          }
        },
        "Condition": {
          "actions": {
            "Update_Incidence_2": {
              "runAfter": {},
              "metadata": {
                "operationMetadataId": "5d234c8e-e1d2-4fff-a05a-5e2585eb95ad"
              },
              "type": "OpenApiConnection",
              "inputs": {
                "host": {
                  "connectionName": "shared_commondataserviceforapps",
                  "operationId": "UpdateRecord",
                  "apiId": "/providers/Microsoft.PowerApps/apis/shared_commondataserviceforapps"
                },
                "parameters": {
                  "entityName": "mpl_incidences",
                  "recordId": "@outputs('Get_Incidences_Row')?['body/mpl_incidenceid']",
                  "item/mpl_status": 865530001
                },
                "authentication": "@parameters('$authentication')"
              }
            }
          },
          "runAfter": {
            "Start_and_wait_for_an_approval": [
              "Succeeded"
            ]
          },
          "else": {
            "actions": {
              "Send_an_email_(V2)": {
                "runAfter": {},
                "metadata": {
                  "operationMetadataId": "4b3c6780-e957-4b93-b58a-dbeecab0c785"
                },
                "type": "OpenApiConnection",
                "inputs": {
                  "host": {
                    "connectionName": "shared_office365",
                    "operationId": "SendEmailV2",
                    "apiId": "/providers/Microsoft.PowerApps/apis/shared_office365"
                  },
                  "parameters": {
                    "emailMessage/To": "manuelportero@t8656.onmicrosoft.com",
                    "emailMessage/Subject": "Incidence @{outputs('Get_Incidences_Row')?['body/mpl_incidence_name']} is not being attended ",
                    "emailMessage/Body": "<p>@{outputs('Get_a_Personal_Information')?['body/mpl_name']} denied today the &nbsp;m@{outputs('Get_Incidences_Row')?['body/mpl_incidence_name']} incidence. Please contact with the enginner team immediately. <br>\n<br>\nThe Engineer Team <br>\n</p>",
                    "emailMessage/Importance": "Normal"
                  },
                  "authentication": "@parameters('$authentication')"
                }
              },
              "Update_Incidence_3": {
                "runAfter": {
                  "Send_an_email_(V2)": [
                    "Succeeded"
                  ]
                },
                "metadata": {
                  "operationMetadataId": "5d234c8e-e1d2-4fff-a05a-5e2585eb95ad"
                },
                "type": "OpenApiConnection",
                "inputs": {
                  "host": {
                    "connectionName": "shared_commondataserviceforapps",
                    "operationId": "UpdateRecord",
                    "apiId": "/providers/Microsoft.PowerApps/apis/shared_commondataserviceforapps"
                  },
                  "parameters": {
                    "entityName": "mpl_incidences",
                    "recordId": "@outputs('Get_Incidences_Row')?['body/mpl_incidenceid']",
                    "item/mpl_status": 865530002
                  },
                  "authentication": "@parameters('$authentication')"
                }
              }
            }
          },
          "expression": {
            "equals": [
              "@outputs('Start_and_wait_for_an_approval')?['body/outcome']",
              "Approve"
            ]
          },
          "metadata": {
            "operationMetadataId": "5e9d8b18-eea3-480f-a289-729b2c4ba81f"
          },
          "type": "If"
        },
        "Get_Worker_Row": {
          "runAfter": {
            "Update_Incidence": [
              "Succeeded"
            ]
          },
          "metadata": {
            "operationMetadataId": "61e3ae1b-309c-47ee-b3f7-d472c2b4011f"
          },
          "type": "OpenApiConnection",
          "inputs": {
            "host": {
              "connectionName": "shared_commondataserviceforapps",
              "operationId": "GetItem",
              "apiId": "/providers/Microsoft.PowerApps/apis/shared_commondataserviceforapps"
            },
            "parameters": {
              "entityName": "mpl_workers",
              "recordId": "@outputs('Get_Incidences_Row')?['body/_mpl_worker_value']"
            },
            "authentication": "@parameters('$authentication')"
          }
        },
        "Initalize_Category": {
          "runAfter": {},
          "metadata": {
            "operationMetadataId": "31a74741-4148-485b-be55-799c346a8e9b"
          },
          "type": "InitializeVariable",
          "inputs": {
            "variables": [
              {
                "name": "strCategory",
                "type": "string",
                "value": "\"\""
              }
            ]
          }
        },
        "Update_Incidence": {
          "runAfter": {
            "Get_Incidences_Row": [
              "Succeeded"
            ]
          },
          "metadata": {
            "operationMetadataId": "5d234c8e-e1d2-4fff-a05a-5e2585eb95ad"
          },
          "type": "OpenApiConnection",
          "inputs": {
            "host": {
              "connectionName": "shared_commondataserviceforapps",
              "operationId": "UpdateRecord",
              "apiId": "/providers/Microsoft.PowerApps/apis/shared_commondataserviceforapps"
            },
            "parameters": {
              "entityName": "mpl_incidences",
              "recordId": "@outputs('Get_Incidences_Row')?['body/mpl_incidenceid']",
              "item/mpl_status": 865530000
            },
            "authentication": "@parameters('$authentication')"
          }
        },
        "Get_a_Personal_Information": {
          "runAfter": {
            "Get_Worker_Row": [
              "Succeeded"
            ]
          },
          "metadata": {
            "operationMetadataId": "fb215bb2-771b-4259-9cee-30e00595601b"
          },
          "type": "OpenApiConnection",
          "inputs": {
            "host": {
              "connectionName": "shared_commondataserviceforapps",
              "operationId": "GetItem",
              "apiId": "/providers/Microsoft.PowerApps/apis/shared_commondataserviceforapps"
            },
            "parameters": {
              "entityName": "mpl_personalinformations",
              "recordId": "@outputs('Get_Worker_Row')?['body/_mpl_personalinformation_value']"
            },
            "authentication": "@parameters('$authentication')"
          }
        }
      },
      "outputs": {}
    },
    "templateName": ""
  },
  "schemaVersion": "1.0.0.0"
}