{
  "properties": {
    "connectionReferences": {
      "shared_commondataserviceforapps": {
        "runtimeSource": "embedded",
        "connection": {},
        "api": {
          "name": "shared_commondataserviceforapps"
        }
      },
      "shared_approvals": {
        "runtimeSource": "embedded",
        "connection": {},
        "api": {
          "name": "shared_approvals"
        }
      }
    },
    "definition": {
      "$schema": "https://schema.management.azure.com/providers/Microsoft.Logic/schemas/2016-06-01/workflowdefinition.json#",
      "contentVersion": "1.0.0.0",
      "parameters": {
        "$connections": {
          "defaultValue": {},
          "type": "Object"
        },
        "$authentication": {
          "defaultValue": {},
          "type": "SecureObject"
        }
      },
      "triggers": {
        "When_a_row_is_added,_modified_or_deleted": {
          "metadata": {
            "operationMetadataId": "d4ec47c1-ec42-458c-80e0-121dab33fe88"
          },
          "type": "OpenApiConnectionWebhook",
          "inputs": {
            "host": {
              "connectionName": "shared_commondataserviceforapps",
              "operationId": "SubscribeWebhookTrigger",
              "apiId": "/providers/Microsoft.PowerApps/apis/shared_commondataserviceforapps"
            },
            "parameters": {
              "subscriptionRequest/message": 1,
              "subscriptionRequest/entityname": "mpl_order",
              "subscriptionRequest/scope": 2
            },
            "authentication": "@parameters('$authentication')"
          }
        }
      },
      "actions": {
        "Get_Order_Row": {
          "runAfter": {
            "Initalize_Category": [
              "Succeeded"
            ]
          },
          "metadata": {
            "operationMetadataId": "3be78a13-47f6-4095-8b7a-81dbfc5562cc"
          },
          "type": "OpenApiConnection",
          "inputs": {
            "host": {
              "connectionName": "shared_commondataserviceforapps",
              "operationId": "GetItem",
              "apiId": "/providers/Microsoft.PowerApps/apis/shared_commondataserviceforapps"
            },
            "parameters": {
              "entityName": "mpl_orders",
              "recordId": "@triggerOutputs()?['body/mpl_orderid']"
            },
            "authentication": "@parameters('$authentication')"
          }
        },
        "Start_and_wait_for_an_approval": {
          "runAfter": {
            "Condition_2": [
              "Succeeded"
            ]
          },
          "metadata": {
            "operationMetadataId": "f1a30f8b-b126-4deb-8c70-889b3d727f27"
          },
          "type": "OpenApiConnectionWebhook",
          "inputs": {
            "host": {
              "connectionName": "shared_approvals",
              "operationId": "StartAndWaitForAnApproval",
              "apiId": "/providers/Microsoft.PowerApps/apis/shared_approvals"
            },
            "parameters": {
              "approvalType": "Basic",
              "WebhookApprovalCreationInput/title": "Order Approvals Request",
              "WebhookApprovalCreationInput/assignedTo": "manuelportero@t8656.onmicrosoft.com;",
              "WebhookApprovalCreationInput/details": "Dear sir, we contact you because we need an order approval for the following issue : \n\n@{outputs('Get_Order_Row')?['body/mpl_name']}\n\nThe required Component and stock is : \n\nComponent : @{outputs('Get_Component_Row')?['body/mpl_name']}\nItems quantity : @{outputs('Get_Order_Row')?['body/mpl_itemsquantity']}\n\nPlease approve the components orders if you see it suitable \n\nBest Regards\nThe Engineer's Team",
              "WebhookApprovalCreationInput/enableNotifications": true,
              "WebhookApprovalCreationInput/enableReassignment": true
            },
            "authentication": "@parameters('$authentication')"
          }
        },
        "Condition": {
          "actions": {
            "Get_InventOnHandItem": {
              "runAfter": {},
              "metadata": {
                "operationMetadataId": "40efb433-af55-42df-b682-4618c8a1b225"
              },
              "type": "OpenApiConnection",
              "inputs": {
                "host": {
                  "connectionName": "shared_commondataserviceforapps",
                  "operationId": "ListRecords",
                  "apiId": "/providers/Microsoft.PowerApps/apis/shared_commondataserviceforapps"
                },
                "parameters": {
                  "entityName": "mpl_inventonhanditems",
                  "$filter": "mpl_componentname eq '@{variables('strCategory')}'"
                },
                "authentication": "@parameters('$authentication')"
              }
            },
            "New_Quantity": {
              "runAfter": {
                "Old_Quantity": [
                  "Succeeded"
                ]
              },
              "metadata": {
                "operationMetadataId": "f605925a-a04a-4a2f-bacc-b5121eb7fb80"
              },
              "type": "Compose",
              "inputs": "@sub(outputs('Old_Quantity'),outputs('Get_Order_Row')?['body/mpl_itemsquantity'])"
            },
            "Update_Selected_InventOnHandItem": {
              "foreach": "@take(outputs('Get_InventOnHandItem')?['body/value'],1)",
              "actions": {
                "Update_a_InventOnHandItem": {
                  "runAfter": {},
                  "metadata": {
                    "operationMetadataId": "f1c7bd54-c34c-4a29-b1d8-f32059c964aa"
                  },
                  "type": "OpenApiConnection",
                  "inputs": {
                    "host": {
                      "connectionName": "shared_commondataserviceforapps",
                      "operationId": "UpdateRecord",
                      "apiId": "/providers/Microsoft.PowerApps/apis/shared_commondataserviceforapps"
                    },
                    "parameters": {
                      "entityName": "mpl_inventonhanditems",
                      "recordId": "@items('Update_Selected_InventOnHandItem')?['mpl_inventonhanditemid']",
                      "item/mpl_qty": "@outputs('New_Quantity')"
                    },
                    "authentication": "@parameters('$authentication')"
                  }
                }
              },
              "runAfter": {
                "New_Quantity": [
                  "Succeeded"
                ]
              },
              "metadata": {
                "operationMetadataId": "51fce161-7c34-424c-a905-b077b5159710"
              },
              "type": "Foreach"
            },
            "Old_Quantity": {
              "runAfter": {
                "Get_InventOnHandItem": [
                  "Succeeded"
                ]
              },
              "metadata": {
                "operationMetadataId": "99d94894-8d03-4bdb-b5e2-fa4a38eaf291"
              },
              "type": "Compose",
              "inputs": "@First(outputs('Get_InventOnHandItem')?['body/value'])?['mpl_qty']"
            },
            "Update_Order": {
              "runAfter": {
                "Update_Selected_InventOnHandItem": [
                  "Succeeded"
                ]
              },
              "metadata": {
                "operationMetadataId": "936f5354-7c05-4a72-9036-9d5d4d5dfb42"
              },
              "type": "OpenApiConnection",
              "inputs": {
                "host": {
                  "connectionName": "shared_commondataserviceforapps",
                  "operationId": "UpdateRecord",
                  "apiId": "/providers/Microsoft.PowerApps/apis/shared_commondataserviceforapps"
                },
                "parameters": {
                  "entityName": "mpl_orders",
                  "recordId": "@outputs('Get_Order_Row')?['body/mpl_orderid']",
                  "item/mpl_status": "Approved"
                },
                "authentication": "@parameters('$authentication')"
              }
            }
          },
          "runAfter": {
            "Start_and_wait_for_an_approval": [
              "Succeeded"
            ]
          },
          "else": {
            "actions": {
              "Update_Order_2": {
                "runAfter": {},
                "metadata": {
                  "operationMetadataId": "2937bc70-cfd6-48b2-98ae-10c2cfcc488d"
                },
                "type": "OpenApiConnection",
                "inputs": {
                  "host": {
                    "connectionName": "shared_commondataserviceforapps",
                    "operationId": "UpdateRecord",
                    "apiId": "/providers/Microsoft.PowerApps/apis/shared_commondataserviceforapps"
                  },
                  "parameters": {
                    "entityName": "mpl_orders",
                    "recordId": "@outputs('Get_Order_Row')?['body/mpl_orderid']",
                    "item/mpl_status": "Rejected"
                  },
                  "authentication": "@parameters('$authentication')"
                }
              }
            }
          },
          "expression": {
            "equals": [
              "@outputs('Start_and_wait_for_an_approval')?['body/outcome']",
              "Approve"
            ]
          },
          "metadata": {
            "operationMetadataId": "5e9d8b18-eea3-480f-a289-729b2c4ba81f"
          },
          "type": "If"
        },
        "Get_Component_Row": {
          "runAfter": {
            "Update_Order_3": [
              "Succeeded"
            ]
          },
          "metadata": {
            "operationMetadataId": "61e3ae1b-309c-47ee-b3f7-d472c2b4011f"
          },
          "type": "OpenApiConnection",
          "inputs": {
            "host": {
              "connectionName": "shared_commondataserviceforapps",
              "operationId": "GetItem",
              "apiId": "/providers/Microsoft.PowerApps/apis/shared_commondataserviceforapps"
            },
            "parameters": {
              "entityName": "mpl_components",
              "recordId": "@outputs('Get_Order_Row')?['body/_mpl_component_value']"
            },
            "authentication": "@parameters('$authentication')"
          }
        },
        "Initalize_Category": {
          "runAfter": {},
          "metadata": {
            "operationMetadataId": "31a74741-4148-485b-be55-799c346a8e9b"
          },
          "type": "InitializeVariable",
          "inputs": {
            "variables": [
              {
                "name": "strCategory",
                "type": "string",
                "value": "\"\""
              }
            ]
          }
        },
        "Condition_2": {
          "actions": {
            "Set_Category": {
              "runAfter": {},
              "metadata": {
                "operationMetadataId": "6d59d13a-d420-48f4-8046-3d112788bb0e"
              },
              "type": "SetVariable",
              "inputs": {
                "name": "strCategory",
                "value": "Belt"
              }
            }
          },
          "runAfter": {
            "Get_Component_Row": [
              "Succeeded"
            ]
          },
          "expression": {
            "equals": [
              "@outputs('Get_Component_Row')?['body/mpl_category']",
              865530002
            ]
          },
          "metadata": {
            "operationMetadataId": "54b37713-90d7-42be-9512-50b69a46bb69"
          },
          "type": "If"
        },
        "Update_Order_3": {
          "runAfter": {
            "Get_Order_Row": [
              "Succeeded"
            ]
          },
          "metadata": {
            "operationMetadataId": "5d234c8e-e1d2-4fff-a05a-5e2585eb95ad"
          },
          "type": "OpenApiConnection",
          "inputs": {
            "host": {
              "connectionName": "shared_commondataserviceforapps",
              "operationId": "UpdateRecord",
              "apiId": "/providers/Microsoft.PowerApps/apis/shared_commondataserviceforapps"
            },
            "parameters": {
              "entityName": "mpl_orders",
              "recordId": "@outputs('Get_Order_Row')?['body/mpl_orderid']",
              "item/mpl_status": "Pending"
            },
            "authentication": "@parameters('$authentication')"
          }
        }
      },
      "outputs": {}
    },
    "templateName": ""
  },
  "schemaVersion": "1.0.0.0"
}