<ImportExportXml version="9.2.23015.196" SolutionPackageVersion="9.2" languagecode="3082" generatedBy="CrmLive" xmlns:xsi="http://www.w3.org/2001/XMLSchema-instance">
  <SolutionManifest>
    <UniqueName>Incident_Report_Solution_App</UniqueName>
    <LocalizedNames>
      <LocalizedName description="Incident_Report_Solution_App" languagecode="3082" />
    </LocalizedNames>
    <Descriptions />
    <Version>1.0.0.6</Version>
    <Managed>1</Managed>
    <Publisher>
      <UniqueName>ManuelPortero</UniqueName>
      <LocalizedNames>
        <LocalizedName description="ManuelPortero" languagecode="3082" />
      </LocalizedNames>
      <Descriptions>
        <Description description="Model Driven App developed by Manuel Portero Leiva" languagecode="3082" />
      </Descriptions>
      <EMailAddress xsi:nil="true"></EMailAddress>
      <SupportingWebsiteUrl xsi:nil="true"></SupportingWebsiteUrl>
      <CustomizationPrefix>mpl</CustomizationPrefix>
      <CustomizationOptionValuePrefix>86553</CustomizationOptionValuePrefix>
      <Addresses>
        <Address>
          <AddressNumber>1</AddressNumber>
          <AddressTypeCode>1</AddressTypeCode>
          <City xsi:nil="true"></City>
          <County xsi:nil="true"></County>
          <Country xsi:nil="true"></Country>
          <Fax xsi:nil="true"></Fax>
          <FreightTermsCode xsi:nil="true"></FreightTermsCode>
          <ImportSequenceNumber xsi:nil="true"></ImportSequenceNumber>
          <Latitude xsi:nil="true"></Latitude>
          <Line1 xsi:nil="true"></Line1>
          <Line2 xsi:nil="true"></Line2>
          <Line3 xsi:nil="true"></Line3>
          <Longitude xsi:nil="true"></Longitude>
          <Name xsi:nil="true"></Name>
          <PostalCode xsi:nil="true"></PostalCode>
          <PostOfficeBox xsi:nil="true"></PostOfficeBox>
          <PrimaryContactName xsi:nil="true"></PrimaryContactName>
          <ShippingMethodCode>1</ShippingMethodCode>
          <StateOrProvince xsi:nil="true"></StateOrProvince>
          <Telephone1 xsi:nil="true"></Telephone1>
          <Telephone2 xsi:nil="true"></Telephone2>
          <Telephone3 xsi:nil="true"></Telephone3>
          <TimeZoneRuleVersionNumber xsi:nil="true"></TimeZoneRuleVersionNumber>
          <UPSZone xsi:nil="true"></UPSZone>
          <UTCOffset xsi:nil="true"></UTCOffset>
          <UTCConversionTimeZoneCode xsi:nil="true"></UTCConversionTimeZoneCode>
        </Address>
        <Address>
          <AddressNumber>2</AddressNumber>
          <AddressTypeCode>1</AddressTypeCode>
          <City xsi:nil="true"></City>
          <County xsi:nil="true"></County>
          <Country xsi:nil="true"></Country>
          <Fax xsi:nil="true"></Fax>
          <FreightTermsCode xsi:nil="true"></FreightTermsCode>
          <ImportSequenceNumber xsi:nil="true"></ImportSequenceNumber>
          <Latitude xsi:nil="true"></Latitude>
          <Line1 xsi:nil="true"></Line1>
          <Line2 xsi:nil="true"></Line2>
          <Line3 xsi:nil="true"></Line3>
          <Longitude xsi:nil="true"></Longitude>
          <Name xsi:nil="true"></Name>
          <PostalCode xsi:nil="true"></PostalCode>
          <PostOfficeBox xsi:nil="true"></PostOfficeBox>
          <PrimaryContactName xsi:nil="true"></PrimaryContactName>
          <ShippingMethodCode>1</ShippingMethodCode>
          <StateOrProvince xsi:nil="true"></StateOrProvince>
          <Telephone1 xsi:nil="true"></Telephone1>
          <Telephone2 xsi:nil="true"></Telephone2>
          <Telephone3 xsi:nil="true"></Telephone3>
          <TimeZoneRuleVersionNumber xsi:nil="true"></TimeZoneRuleVersionNumber>
          <UPSZone xsi:nil="true"></UPSZone>
          <UTCOffset xsi:nil="true"></UTCOffset>
          <UTCConversionTimeZoneCode xsi:nil="true"></UTCConversionTimeZoneCode>
        </Address>
      </Addresses>
    </Publisher>
    <RootComponents>
      <RootComponent type="1" schemaName="mpl_component" behavior="0" />
      <RootComponent type="1" schemaName="mpl_incidence" behavior="0" />
      <RootComponent type="1" schemaName="mpl_incidences_incident_report_solution_app" behavior="0" />
      <RootComponent type="1" schemaName="mpl_inventlocation" behavior="0" />
      <RootComponent type="1" schemaName="mpl_inventonhanditem" behavior="0" />
      <RootComponent type="1" schemaName="mpl_machine" behavior="0" />
      <RootComponent type="1" schemaName="mpl_order" behavior="0" />
      <RootComponent type="1" schemaName="mpl_orders_incident_report_solution" behavior="0" />
      <RootComponent type="1" schemaName="mpl_personalinformation" behavior="0" />
      <RootComponent type="1" schemaName="mpl_report" behavior="0" />
      <RootComponent type="1" schemaName="mpl_shift" behavior="0" />
      <RootComponent type="1" schemaName="mpl_vendor" behavior="0" />
      <RootComponent type="1" schemaName="mpl_wmslocation" behavior="0" />
      <RootComponent type="1" schemaName="mpl_worker" behavior="0" />
      <RootComponent type="1" schemaName="mpl_workercategory" behavior="0" />
      <RootComponent type="9" schemaName="mpl_category" behavior="0" />
      <RootComponent type="9" schemaName="mpl_componentcategory" behavior="0" />
      <RootComponent type="9" schemaName="mpl_criticity" behavior="0" />
      <RootComponent type="9" schemaName="mpl_incidence_priority" behavior="0" />
      <RootComponent type="9" schemaName="mpl_incidence_status" behavior="0" />
      <RootComponent type="9" schemaName="mpl_machinecategory" behavior="0" />
      <RootComponent type="9" schemaName="mpl_machinerisk" behavior="0" />
      <RootComponent type="29" id="{1703eb4b-22b5-ed11-83ff-000d3a292a69}" behavior="0" />
      <RootComponent type="29" id="{6ab2f8ce-dcb5-ed11-83ff-000d3a292a69}" behavior="0" />
      <RootComponent type="29" id="{743e07fe-28b5-ed11-83ff-000d3a292a69}" behavior="0" />
      <RootComponent type="29" id="{df8f2aa4-fcb9-ed11-83ff-000d3a292a69}" behavior="0" />
      <RootComponent type="60" id="{1d3bb263-08ba-ed11-83ff-000d3a292a69}" behavior="0" />
      <RootComponent type="60" id="{3c211dfa-09ba-ed11-83ff-000d3a292a69}" behavior="0" />
      <RootComponent type="61" schemaName="mpl_component" behavior="0" />
      <RootComponent type="61" schemaName="mpl_Vendor" behavior="0" />
      <RootComponent type="62" schemaName="mpl_Incident_Report_App" behavior="0" />
      <RootComponent type="80" schemaName="mpl_Incident_Report_App" behavior="0" />
      <RootComponent type="431" schemaName="mpl_component mpl_imagecomponent" behavior="0" />
      <RootComponent type="431" schemaName="mpl_machine mpl_descriptionimage" behavior="0" />
      <RootComponent type="431" schemaName="mpl_personalinformation mpl_imageprofile" behavior="0" />
      <RootComponent type="432" schemaName="mpl_component" behavior="0" />
      <RootComponent type="432" schemaName="mpl_machine" behavior="0" />
      <RootComponent type="432" schemaName="mpl_personalinformation" behavior="0" />
    </RootComponents>
    <MissingDependencies>
      <MissingDependency>
        <Required type="1" schemaName="mpl_supervisor" displayName="Supervisor" solution="Active" />
        <Dependent type="1" schemaName="mpl_shift" displayName="Shift" />
      </MissingDependency>
      <MissingDependency>
        <Required type="1" schemaName="mpl_supervisor" displayName="Supervisor" solution="Active" />
        <Dependent type="10" schemaName="mpl_mpl_report_Report_mpl_supervisor" displayName="mpl_mpl_report_Report_mpl_supervisor" parentSchemaName="mpl_supervisor" parentDisplayName="Supervisor" />
      </MissingDependency>
      <MissingDependency>
        <Required type="2" schemaName="mpl_name" displayName="Name" parentSchemaName="mpl_supervisor" parentDisplayName="Supervisor" solution="Active" />
        <Dependent type="10" schemaName="mpl_mpl_report_Report_mpl_supervisor" displayName="mpl_mpl_report_Report_mpl_supervisor" parentSchemaName="mpl_supervisor" parentDisplayName="Supervisor" />
      </MissingDependency>
      <MissingDependency>
        <Required type="2" schemaName="mpl_supervisorid" displayName="Supervisor" parentSchemaName="mpl_supervisor" parentDisplayName="Supervisor" solution="Active" />
        <Dependent type="10" schemaName="mpl_mpl_report_Report_mpl_supervisor" displayName="mpl_mpl_report_Report_mpl_supervisor" parentSchemaName="mpl_supervisor" parentDisplayName="Supervisor" />
      </MissingDependency>
      <MissingDependency>
        <Required type="61" schemaName="AppCommon/ControlWS/HeaderIconImages/ServiceConfig.svg" displayName="AppCommon/ControlWS/HeaderIconImages/ServiceConfig.svg" solution="msdynce_AppCommonPatch (9.0.1904.4006)">
          <package>msdynce_AppCommonAnchor (9.0.23014.10002)</package>
        </Required>
        <Dependent type="80" schemaName="mpl_Incident_Report_App" displayName="Incident_Report_App" />
      </MissingDependency>
      <MissingDependency>
        <Required type="61" schemaName="msdyn_/Icons/AnalysisJob.svg" displayName="msdyn_/Icons/AnalysisJob.svg" solution="msdyn_PowerAppsChecker (1.2.0.198)">
          <package>msdyn_PowerAppsCheckerAnchor (1.2.0.198)</package>
        </Required>
        <Dependent type="62" schemaName="mpl_Incident_Report_App" />
      </MissingDependency>
      <MissingDependency>
        <Required type="61" schemaName="msdyn_/Icons/AnalysisResult.svg" displayName="msdyn_/Icons/AnalysisResult.svg" solution="msdyn_PowerAppsChecker (1.2.0.198)">
          <package>msdyn_PowerAppsCheckerAnchor (1.2.0.198)</package>
        </Required>
        <Dependent type="62" schemaName="mpl_Incident_Report_App" />
      </MissingDependency>
      <MissingDependency>
        <Required type="connectionreference" displayName="new_sharedapprovals_bfd4a" solution="Active" id.connectionreferencelogicalname="new_sharedapprovals_bfd4a" />
        <Dependent type="29" displayName="Incident_Report_App_Incident_Approval" id="{6ab2f8ce-dcb5-ed11-83ff-000d3a292a69}" />
      </MissingDependency>
      <MissingDependency>
        <Required type="connectionreference" displayName="new_sharedcommondataserviceforapps_29694" solution="Active" id.connectionreferencelogicalname="new_sharedcommondataserviceforapps_29694" />
        <Dependent type="29" displayName="Incident_Report_App_Incident_Approval" id="{6ab2f8ce-dcb5-ed11-83ff-000d3a292a69}" />
      </MissingDependency>
      <MissingDependency>
        <Required type="connectionreference" displayName="new_sharedoffice365_150da" solution="Active" id.connectionreferencelogicalname="new_sharedoffice365_150da" />
        <Dependent type="29" displayName="Incident_Report_App_Incident_Approval" id="{6ab2f8ce-dcb5-ed11-83ff-000d3a292a69}" />
      </MissingDependency>
    </MissingDependencies>
  </SolutionManifest>
</ImportExportXml>